prog_r,media,desvio
Bastante confiante,30,11.313708498984761
Médio,31.125,5.718079098038831
Nenhuma confiança,28.142857142857142,5.698788509515902
Um pouco,29.428571428571427,5.593363414414826
